{"count":1,"self":29.3661952,"total":29.4716818,"children":{"InitializeActuators":{"count":1,"self":0.0020009999999999997,"total":0.0020009999999999997,"children":null},"InitializeSensors":{"count":1,"self":0.001001,"total":0.001001,"children":null},"AgentSendState":{"count":1197,"self":0.0070114999999999995,"total":0.011015599999999999,"children":{"CollectObservations":{"count":240,"self":0.00099969999999999985,"total":0.00099969999999999985,"children":null},"WriteActionMask":{"count":240,"self":0.0010019999999999999,"total":0.0010019999999999999,"children":null},"RequestDecision":{"count":240,"self":0.0020024,"total":0.0020024,"children":null}}},"DecideAction":{"count":1197,"self":0.0854397,"total":0.0854397,"children":null},"AgentAct":{"count":1197,"self":0.0050304999999999994,"total":0.0050304999999999994,"children":null}},"gauges":{"My Behavior.CumulativeReward":{"count":119,"max":10.0710287,"min":0.002,"runningAverage":0.14448759,"value":0.06999996,"weightedAverage":0.06883446}},"metadata":{"timer_format_version":"0.1.0","start_time_seconds":"1715379901","unity_version":"2023.2.9f1","command_line_arguments":"C:\\Program Files\\Unity 2023.2.9f1\\Editor\\Unity.exe -projectpath C:\\Users\\alexa\\Documents\\GitHub\\ElementalClash\\ElementalClash -useHub -hubIPC -cloudEnvironment production -licensingIpc LicenseClient-CKBOuLIm4aTIN-TG7dO4- -hubSessionId e0665b84-6120-491c-9870-d6983e40ea69 -accessToken L5DwbYKy_CDQEFrkUnuceXfZ8TO8LoR7ER35S0cqzA4012f","communication_protocol_version":"1.5.0","com.unity.ml-agents_version":"2.0.1","scene_name":"GameBoard","end_time_seconds":"1715379930"}}